Data Series,Date,CPI_Value,PPI_Value
Bread & Cereals,2014 Apr ,93.684,80.333
Bread & Cereals,2014 Aug ,93.827,80.298
Bread & Cereals,2014 Dec ,94.538,80.196
Bread & Cereals,2014 Feb ,93.403,80.288
Bread & Cereals,2014 Jan ,93.272,80.298
Bread & Cereals,2014 Jul ,94.013,80.301
Bread & Cereals,2014 Jun ,93.996,80.312
Bread & Cereals,2014 Mar ,93.818,80.344
Bread & Cereals,2014 May ,94.411,80.342
Bread & Cereals,2014 Nov ,94.746,80.326
Bread & Cereals,2014 Oct ,95.054,80.329
Bread & Cereals,2014 Sep ,94.692,80.312
Bread & Cereals,2015 Apr ,95.618,81.124
Bread & Cereals,2015 Aug ,94.976,81.122
Bread & Cereals,2015 Dec ,95.536,81.265
Bread & Cereals,2015 Feb ,94.513,80.815
Bread & Cereals,2015 Jan ,95.54,80.578
Bread & Cereals,2015 Jul ,95.163,81.104
Bread & Cereals,2015 Jun ,95.618,81.116
Bread & Cereals,2015 Mar ,95.432,81.108
Bread & Cereals,2015 May ,95.519,82.09
Bread & Cereals,2015 Nov ,95.657,81.27
Bread & Cereals,2015 Oct ,95.478,81.277
Bread & Cereals,2015 Sep ,94.95,81.268
Bread & Cereals,2016 Apr ,96.927,81.349
Bread & Cereals,2016 Aug ,95.934,82.124
Bread & Cereals,2016 Dec ,96.612,82.631
Bread & Cereals,2016 Feb ,96.035,81.402
Bread & Cereals,2016 Jan ,96.255,81.215
Bread & Cereals,2016 Jul ,96.224,82.101
Bread & Cereals,2016 Jun ,96.167,82.136
Bread & Cereals,2016 Mar ,96.538,81.357
Bread & Cereals,2016 May ,96.636,81.758
Bread & Cereals,2016 Nov ,96.957,82.594
Bread & Cereals,2016 Oct ,97.009,82.178
Bread & Cereals,2016 Sep ,97.131,82.154
Bread & Cereals,2017 Apr ,97.266,84.278
Bread & Cereals,2017 Aug ,96.494,84.012
Bread & Cereals,2017 Dec ,96.997,84.063
Bread & Cereals,2017 Feb ,97.166,83.668
Bread & Cereals,2017 Jan ,96.643,83.669
Bread & Cereals,2017 Jul ,97.287,84.033
Bread & Cereals,2017 Jun ,96.83,84.043
Bread & Cereals,2017 Mar ,97.166,84.26
Bread & Cereals,2017 May ,97.682,84.02
Bread & Cereals,2017 Nov ,97.9,84.067
Bread & Cereals,2017 Oct ,97.637,84.069
Bread & Cereals,2017 Sep ,96.461,84.015
Bread & Cereals,2018 Apr ,97.76,84.307
Bread & Cereals,2018 Aug ,98.712,84.925
Bread & Cereals,2018 Dec ,99.299,84.952
Bread & Cereals,2018 Feb ,97.1,84.151
Bread & Cereals,2018 Jan ,96.89,84.143
Bread & Cereals,2018 Jul ,98.774,84.909
Bread & Cereals,2018 Jun ,98.899,84.353
Bread & Cereals,2018 Mar ,97.821,84.13
Bread & Cereals,2018 May ,98.686,84.347
Bread & Cereals,2018 Nov ,99.441,84.943
Bread & Cereals,2018 Oct ,99.35,84.966
Bread & Cereals,2018 Sep ,99.279,84.93
Bread & Cereals,2019 Apr ,99.856,84.962
Bread & Cereals,2019 Aug ,99.89,85.304
Bread & Cereals,2019 Dec ,100.817,87.472
Bread & Cereals,2019 Feb ,99.719,84.9
Bread & Cereals,2019 Jan ,99.721,84.905
Bread & Cereals,2019 Jul ,99.463,85.274
Bread & Cereals,2019 Jun ,99.955,85.159
Bread & Cereals,2019 Mar ,99.37,85.063
Bread & Cereals,2019 May ,99.718,84.971
Bread & Cereals,2019 Nov ,100.784,87.477
Bread & Cereals,2019 Oct ,100.147,86.42
Bread & Cereals,2019 Sep ,100.561,85.295
Bread & Cereals,2020 Apr ,102.133,88.357
Bread & Cereals,2020 Aug ,102.049,88.098
Bread & Cereals,2020 Dec ,101.542,88.096
Bread & Cereals,2020 Feb ,101.47,87.527
Bread & Cereals,2020 Jan ,100.338,87.461
Bread & Cereals,2020 Jul ,102.659,88.142
Bread & Cereals,2020 Jun ,102.95,88.219
Bread & Cereals,2020 Mar ,101.405,88.307
Bread & Cereals,2020 May ,102.918,88.263
Bread & Cereals,2020 Nov ,101.553,88.136
Bread & Cereals,2020 Oct ,102.15,88.148
Bread & Cereals,2020 Sep ,101.994,88.092
Bread & Cereals,2021 Apr ,102.363,88.181
Bread & Cereals,2021 Aug ,102.183,88.214
Bread & Cereals,2021 Dec ,103.131,88.695
Bread & Cereals,2021 Feb ,102.02,88.157
Bread & Cereals,2021 Jan ,102.05,88.087
Bread & Cereals,2021 Jul ,102.457,88.227
Bread & Cereals,2021 Jun ,102.541,88.195
Bread & Cereals,2021 Mar ,102.068,88.19
Bread & Cereals,2021 May ,102.595,88.185
Bread & Cereals,2021 Nov ,103.348,88.654
Bread & Cereals,2021 Oct ,103.776,88.48
Bread & Cereals,2021 Sep ,102.568,88.439
Bread & Cereals,2022 Apr ,105.591,90.825
Bread & Cereals,2022 Aug ,107.201,92.922
Bread & Cereals,2022 Dec ,110.517,93.313
Bread & Cereals,2022 Feb ,103.513,89.767
Bread & Cereals,2022 Jan ,103.252,89.437
Bread & Cereals,2022 Jul ,107.347,92.519
Bread & Cereals,2022 Jun ,106.608,91.676
Bread & Cereals,2022 Mar ,104.319,90.382
Bread & Cereals,2022 May ,105.391,90.979
Bread & Cereals,2022 Nov ,109.772,93.367
Bread & Cereals,2022 Oct ,108.941,92.984
Bread & Cereals,2022 Sep ,107.746,92.659
Bread & Cereals,2023 Apr ,113.187,99.807
Bread & Cereals,2023 Aug ,114.533,100.013
Bread & Cereals,2023 Dec ,115.903,101.236
Bread & Cereals,2023 Feb ,111.66,99.118
Bread & Cereals,2023 Jan ,111.304,99.118
Bread & Cereals,2023 Jul ,113.924,100.013
Bread & Cereals,2023 Jun ,113.704,99.811
Bread & Cereals,2023 Mar ,112.381,99.811
Bread & Cereals,2023 May ,113.84,99.811
Bread & Cereals,2023 Nov ,115.968,101.236
Bread & Cereals,2023 Oct ,115.907,100.013
Bread & Cereals,2023 Sep ,114.763,100.013
Bread & Cereals,2024 Apr ,117.152,100.939
Bread & Cereals,2024 Aug ,118.12,101.042
Bread & Cereals,2024 Feb ,116.501,100.939
Bread & Cereals,2024 Jan ,116.593,100.939
Bread & Cereals,2024 Jul ,118.209,101.042
Bread & Cereals,2024 Jun ,117.849,101.046
Bread & Cereals,2024 Mar ,116.644,100.942
Bread & Cereals,2024 May ,117.711,101.042
Bread & Cereals,2024 Sep ,118.818,101.042
Dairy Products & Eggs,2014 Apr ,93.467,73.766
Dairy Products & Eggs,2014 Aug ,94.245,71.93
Dairy Products & Eggs,2014 Dec ,96.725,67.857
Dairy Products & Eggs,2014 Feb ,92.015,73.965
Dairy Products & Eggs,2014 Jan ,91.812,73.925
Dairy Products & Eggs,2014 Jul ,94.232,71.871
Dairy Products & Eggs,2014 Jun ,93.558,73.794
Dairy Products & Eggs,2014 Mar ,92.722,73.683
Dairy Products & Eggs,2014 May ,94.017,73.635
Dairy Products & Eggs,2014 Nov ,95.637,72.205
Dairy Products & Eggs,2014 Oct ,95.137,72.258
Dairy Products & Eggs,2014 Sep ,94.696,72.081
Dairy Products & Eggs,2015 Apr ,95.513,69.746
Dairy Products & Eggs,2015 Aug ,95.617,69.147
Dairy Products & Eggs,2015 Dec ,96.748,65.916
Dairy Products & Eggs,2015 Feb ,95.595,66.795
Dairy Products & Eggs,2015 Jan ,95.991,66.299
Dairy Products & Eggs,2015 Jul ,96.01,68.781
Dairy Products & Eggs,2015 Jun ,95.149,69.462
Dairy Products & Eggs,2015 Mar ,95.247,68.153
Dairy Products & Eggs,2015 May ,95.201,68.335
Dairy Products & Eggs,2015 Nov ,96.746,66.075
Dairy Products & Eggs,2015 Oct ,96.484,66.364
Dairy Products & Eggs,2015 Sep ,96.074,66.965
Dairy Products & Eggs,2016 Apr ,97.521,62.812
Dairy Products & Eggs,2016 Aug ,97.444,60.755
Dairy Products & Eggs,2016 Dec ,97.424,63.24
Dairy Products & Eggs,2016 Feb ,96.909,63.802
Dairy Products & Eggs,2016 Jan ,96.609,64.016
Dairy Products & Eggs,2016 Jul ,97.774,60.475
Dairy Products & Eggs,2016 Jun ,97.572,60.194
Dairy Products & Eggs,2016 Mar ,97.435,63.396
Dairy Products & Eggs,2016 May ,97.59,62.316
Dairy Products & Eggs,2016 Nov ,97.95,62.944
Dairy Products & Eggs,2016 Oct ,97.452,62.679
Dairy Products & Eggs,2016 Sep ,97.698,60.603
Dairy Products & Eggs,2017 Apr ,98.552,64.585
Dairy Products & Eggs,2017 Aug ,97.87,63.492
Dairy Products & Eggs,2017 Dec ,98.194,62.977
Dairy Products & Eggs,2017 Feb ,97.816,65.627
Dairy Products & Eggs,2017 Jan ,97.167,64.584
Dairy Products & Eggs,2017 Jul ,97.926,63.687
Dairy Products & Eggs,2017 Jun ,97.562,64.464
Dairy Products & Eggs,2017 Mar ,97.939,65.691
Dairy Products & Eggs,2017 May ,98.307,64.557
Dairy Products & Eggs,2017 Nov ,98.261,63.16
Dairy Products & Eggs,2017 Oct ,98.151,63.197
Dairy Products & Eggs,2017 Sep ,98.414,63.98
Dairy Products & Eggs,2018 Apr ,99.289,61.607
Dairy Products & Eggs,2018 Aug ,99.256,63.766
Dairy Products & Eggs,2018 Dec ,100.335,63.034
Dairy Products & Eggs,2018 Feb ,100.008,62.355
Dairy Products & Eggs,2018 Jan ,98.766,62.035
Dairy Products & Eggs,2018 Jul ,99.202,63.46
Dairy Products & Eggs,2018 Jun ,99.333,62.838
Dairy Products & Eggs,2018 Mar ,99.089,62.265
Dairy Products & Eggs,2018 May ,99.572,62.418
Dairy Products & Eggs,2018 Nov ,100.237,63.851
Dairy Products & Eggs,2018 Oct ,99.93,64.245
Dairy Products & Eggs,2018 Sep ,99.855,63.697
Dairy Products & Eggs,2019 Apr ,98.683,62.646
Dairy Products & Eggs,2019 Aug ,100.165,65.886
Dairy Products & Eggs,2019 Dec ,99.791,65.779
Dairy Products & Eggs,2019 Feb ,101.524,62.525
Dairy Products & Eggs,2019 Jan ,100.689,62.632
Dairy Products & Eggs,2019 Jul ,99.265,65.509
Dairy Products & Eggs,2019 Jun ,99.158,64.514
Dairy Products & Eggs,2019 Mar ,100.051,62.577
Dairy Products & Eggs,2019 May ,99.252,64.997
Dairy Products & Eggs,2019 Nov ,100.417,66.004
Dairy Products & Eggs,2019 Oct ,100.62,66.169
Dairy Products & Eggs,2019 Sep ,100.387,65.912
Dairy Products & Eggs,2020 Apr ,103.582,68.971
Dairy Products & Eggs,2020 Aug ,102.559,66.25
Dairy Products & Eggs,2020 Dec ,102.025,85.55
Dairy Products & Eggs,2020 Feb ,99.808,68.259
Dairy Products & Eggs,2020 Jan ,99.955,67.494
Dairy Products & Eggs,2020 Jul ,102.669,67.006
Dairy Products & Eggs,2020 Jun ,103.198,68.523
Dairy Products & Eggs,2020 Mar ,99.642,68.636
Dairy Products & Eggs,2020 May ,103.415,68.716
Dairy Products & Eggs,2020 Nov ,102.033,65.581
Dairy Products & Eggs,2020 Oct ,101.892,66.047
Dairy Products & Eggs,2020 Sep ,102.358,66.318
Dairy Products & Eggs,2021 Apr ,103.026,92.102
Dairy Products & Eggs,2021 Aug ,103.472,98.537
Dairy Products & Eggs,2021 Dec ,104.197,98.551
Dairy Products & Eggs,2021 Feb ,103.016,90.56
Dairy Products & Eggs,2021 Jan ,102.503,90.217
Dairy Products & Eggs,2021 Jul ,103.613,96.83
Dairy Products & Eggs,2021 Jun ,103.564,93.518
Dairy Products & Eggs,2021 Mar ,103.135,91.457
Dairy Products & Eggs,2021 May ,103.571,93.444
Dairy Products & Eggs,2021 Nov ,104.378,98.78
Dairy Products & Eggs,2021 Oct ,103.4,98.068
Dairy Products & Eggs,2021 Sep ,103.662,98.097
Dairy Products & Eggs,2022 Apr ,109.938,105.415
Dairy Products & Eggs,2022 Aug ,110.133,108.066
Dairy Products & Eggs,2022 Dec ,113.059,102.275
Dairy Products & Eggs,2022 Feb ,105.813,99.701
Dairy Products & Eggs,2022 Jan ,104.765,99.674
Dairy Products & Eggs,2022 Jul ,109.832,109.084
Dairy Products & Eggs,2022 Jun ,110.027,108.911
Dairy Products & Eggs,2022 Mar ,107.031,103.493
Dairy Products & Eggs,2022 May ,109.761,108.753
Dairy Products & Eggs,2022 Nov ,112.246,107.184
Dairy Products & Eggs,2022 Oct ,110.624,108.293
Dairy Products & Eggs,2022 Sep ,110.656,110.898
Dairy Products & Eggs,2023 Apr ,115.035,99.514
Dairy Products & Eggs,2023 Aug ,116.817,99.289
Dairy Products & Eggs,2023 Dec ,117.425,103.509
Dairy Products & Eggs,2023 Feb ,113.365,98.648
Dairy Products & Eggs,2023 Jan ,113.866,98.648
Dairy Products & Eggs,2023 Jul ,115.832,98.898
Dairy Products & Eggs,2023 Jun ,115.686,99.495
Dairy Products & Eggs,2023 Mar ,114.787,98.973
Dairy Products & Eggs,2023 May ,115.451,99.327
Dairy Products & Eggs,2023 Nov ,117.414,104.264
Dairy Products & Eggs,2023 Oct ,117.239,99.822
Dairy Products & Eggs,2023 Sep ,117.502,99.614
Dairy Products & Eggs,2024 Apr ,117.337,107.939
Dairy Products & Eggs,2024 Aug ,117.837,106.372
Dairy Products & Eggs,2024 Feb ,118.447,105.874
Dairy Products & Eggs,2024 Jan ,118.023,105.041
Dairy Products & Eggs,2024 Jul ,117.31,106.873
Dairy Products & Eggs,2024 Jun ,117.222,108.524
Dairy Products & Eggs,2024 Mar ,117.698,105.758
Dairy Products & Eggs,2024 May ,117.56,108.401
Dairy Products & Eggs,2024 Sep ,117.936,105.893
Fabrics & Related Products,2014 Apr ,103.243,na
Fabrics & Related Products,2014 Aug ,106.306,na
Fabrics & Related Products,2014 Dec ,107.189,na
Fabrics & Related Products,2014 Feb ,98.766,na
Fabrics & Related Products,2014 Jan ,101.379,na
Fabrics & Related Products,2014 Jul ,106.037,na
Fabrics & Related Products,2014 Jun ,101.994,na
Fabrics & Related Products,2014 Mar ,102.941,na
Fabrics & Related Products,2014 May ,102.385,na
Fabrics & Related Products,2014 Nov ,106.736,na
Fabrics & Related Products,2014 Oct ,106.271,na
Fabrics & Related Products,2014 Sep ,106.736,na
Fabrics & Related Products,2015 Apr ,106.687,na
Fabrics & Related Products,2015 Aug ,105.44,na
Fabrics & Related Products,2015 Dec ,105.047,na
Fabrics & Related Products,2015 Feb ,109.271,na
Fabrics & Related Products,2015 Jan ,106.604,na
Fabrics & Related Products,2015 Jul ,106.371,na
Fabrics & Related Products,2015 Jun ,106.048,na
Fabrics & Related Products,2015 Mar ,107.025,na
Fabrics & Related Products,2015 May ,106.468,na
Fabrics & Related Products,2015 Nov ,105.362,na
Fabrics & Related Products,2015 Oct ,105.367,na
Fabrics & Related Products,2015 Sep ,105.703,na
Fabrics & Related Products,2016 Apr ,105.758,na
Fabrics & Related Products,2016 Aug ,103.958,na
Fabrics & Related Products,2016 Dec ,103.444,na
Fabrics & Related Products,2016 Feb ,105.602,na
Fabrics & Related Products,2016 Jan ,104.579,na
Fabrics & Related Products,2016 Jul ,104.405,na
Fabrics & Related Products,2016 Jun ,104.374,na
Fabrics & Related Products,2016 Mar ,105.894,na
Fabrics & Related Products,2016 May ,105.379,na
Fabrics & Related Products,2016 Nov ,105.086,na
Fabrics & Related Products,2016 Oct ,104.918,na
Fabrics & Related Products,2016 Sep ,104.474,na
Fabrics & Related Products,2017 Apr ,102.797,na
Fabrics & Related Products,2017 Aug ,103.94,na
Fabrics & Related Products,2017 Dec ,102.143,na
Fabrics & Related Products,2017 Feb ,103.426,na
Fabrics & Related Products,2017 Jan ,103.363,na
Fabrics & Related Products,2017 Jul ,104.34,na
Fabrics & Related Products,2017 Jun ,102.65,na
Fabrics & Related Products,2017 Mar ,104.759,na
Fabrics & Related Products,2017 May ,102.751,na
Fabrics & Related Products,2017 Nov ,102.975,na
Fabrics & Related Products,2017 Oct ,102.425,na
Fabrics & Related Products,2017 Sep ,103.09,na
Fabrics & Related Products,2018 Apr ,102.265,na
Fabrics & Related Products,2018 Aug ,101.874,na
Fabrics & Related Products,2018 Dec ,100.839,na
Fabrics & Related Products,2018 Feb ,102.159,na
Fabrics & Related Products,2018 Jan ,101.156,na
Fabrics & Related Products,2018 Jul ,101.522,na
Fabrics & Related Products,2018 Jun ,100.975,na
Fabrics & Related Products,2018 Mar ,102.685,na
Fabrics & Related Products,2018 May ,102.107,na
Fabrics & Related Products,2018 Nov ,100.944,na
Fabrics & Related Products,2018 Oct ,101.872,na
Fabrics & Related Products,2018 Sep ,101.075,na
Fabrics & Related Products,2019 Apr ,100.181,na
Fabrics & Related Products,2019 Aug ,100.085,na
Fabrics & Related Products,2019 Dec ,100.849,na
Fabrics & Related Products,2019 Feb ,101.148,na
Fabrics & Related Products,2019 Jan ,99.605,na
Fabrics & Related Products,2019 Jul ,99.1,na
Fabrics & Related Products,2019 Jun ,99.566,na
Fabrics & Related Products,2019 Mar ,100.75,na
Fabrics & Related Products,2019 May ,99.053,na
Fabrics & Related Products,2019 Nov ,100.442,na
Fabrics & Related Products,2019 Oct ,99.647,na
Fabrics & Related Products,2019 Sep ,99.578,na
Fabrics & Related Products,2020 Apr ,100.431,na
Fabrics & Related Products,2020 Aug ,99.283,na
Fabrics & Related Products,2020 Dec ,97.575,na
Fabrics & Related Products,2020 Feb ,101.371,na
Fabrics & Related Products,2020 Jan ,100.285,na
Fabrics & Related Products,2020 Jul ,98.935,na
Fabrics & Related Products,2020 Jun ,99.097,na
Fabrics & Related Products,2020 Mar ,101.002,na
Fabrics & Related Products,2020 May ,100.131,na
Fabrics & Related Products,2020 Nov ,96.542,na
Fabrics & Related Products,2020 Oct ,97.464,na
Fabrics & Related Products,2020 Sep ,98.622,na
Fabrics & Related Products,2021 Apr ,97.65,na
Fabrics & Related Products,2021 Aug ,95.9,na
Fabrics & Related Products,2021 Dec ,97.112,na
Fabrics & Related Products,2021 Feb ,98.098,na
Fabrics & Related Products,2021 Jan ,96.217,na
Fabrics & Related Products,2021 Jul ,97.339,na
Fabrics & Related Products,2021 Jun ,97.423,na
Fabrics & Related Products,2021 Mar ,97.67,na
Fabrics & Related Products,2021 May ,97.06,na
Fabrics & Related Products,2021 Nov ,98.2,na
Fabrics & Related Products,2021 Oct ,97.471,na
Fabrics & Related Products,2021 Sep ,96.588,na
Fabrics & Related Products,2022 Apr ,97.845,na
Fabrics & Related Products,2022 Aug ,97.636,na
Fabrics & Related Products,2022 Dec ,97.514,na
Fabrics & Related Products,2022 Feb ,96.281,na
Fabrics & Related Products,2022 Jan ,96.175,na
Fabrics & Related Products,2022 Jul ,98.105,na
Fabrics & Related Products,2022 Jun ,96.595,na
Fabrics & Related Products,2022 Mar ,97.002,na
Fabrics & Related Products,2022 May ,96.65,na
Fabrics & Related Products,2022 Nov ,100.651,na
Fabrics & Related Products,2022 Oct ,99.663,na
Fabrics & Related Products,2022 Sep ,99.171,na
Fabrics & Related Products,2023 Apr ,97.931,103.473
Fabrics & Related Products,2023 Aug ,98.706,99.637
Fabrics & Related Products,2023 Dec ,98.524,99.818
Fabrics & Related Products,2023 Feb ,99.445,106.275
Fabrics & Related Products,2023 Jan ,98.123,106.275
Fabrics & Related Products,2023 Jul ,99.673,97.238
Fabrics & Related Products,2023 Jun ,99.11,102.165
Fabrics & Related Products,2023 Mar ,99.767,99.808
Fabrics & Related Products,2023 May ,97.406,100.688
Fabrics & Related Products,2023 Nov ,97.883,94.595
Fabrics & Related Products,2023 Oct ,99.323,94.168
Fabrics & Related Products,2023 Sep ,98.983,95.86
Fabrics & Related Products,2024 Apr ,98.747,105.349
Fabrics & Related Products,2024 Aug ,102.148,100.327
Fabrics & Related Products,2024 Feb ,100.585,97.761
Fabrics & Related Products,2024 Jan ,97.612,93.698
Fabrics & Related Products,2024 Jul ,99.713,102.018
Fabrics & Related Products,2024 Jun ,100.164,103.766
Fabrics & Related Products,2024 Mar ,99.563,99.202
Fabrics & Related Products,2024 May ,99.517,104.675
Fabrics & Related Products,2024 Sep ,101.015,98.625
Fish & Seafood,2014 Apr ,86.427,87.509
Fish & Seafood,2014 Aug ,90.188,87.094
Fish & Seafood,2014 Dec ,88.903,88.441
Fish & Seafood,2014 Feb ,88.406,87.008
Fish & Seafood,2014 Jan ,93.944,87.211
Fish & Seafood,2014 Jul ,88.731,87.061
Fish & Seafood,2014 Jun ,87.779,87.285
Fish & Seafood,2014 Mar ,86.474,87.012
Fish & Seafood,2014 May ,87.039,87.286
Fish & Seafood,2014 Nov ,88.414,88.267
Fish & Seafood,2014 Oct ,88.483,87.565
Fish & Seafood,2014 Sep ,88.276,87.399
Fish & Seafood,2015 Apr ,88.342,88.956
Fish & Seafood,2015 Aug ,89.785,88.289
Fish & Seafood,2015 Dec ,89.463,88.513
Fish & Seafood,2015 Feb ,95.707,88.716
Fish & Seafood,2015 Jan ,91.082,88.606
Fish & Seafood,2015 Jul ,90.057,88.408
Fish & Seafood,2015 Jun ,88.606,88.778
Fish & Seafood,2015 Mar ,89.824,89.163
Fish & Seafood,2015 May ,88.345,88.707
Fish & Seafood,2015 Nov ,88.823,88.686
Fish & Seafood,2015 Oct ,89.172,88.623
Fish & Seafood,2015 Sep ,89.44,88.589
Fish & Seafood,2016 Apr ,91.895,88.158
Fish & Seafood,2016 Aug ,93.76,92.187
Fish & Seafood,2016 Dec ,94.321,94.336
Fish & Seafood,2016 Feb ,95.81,88.499
Fish & Seafood,2016 Jan ,94.88,88.658
Fish & Seafood,2016 Jul ,94.774,87.923
Fish & Seafood,2016 Jun ,94.073,87.951
Fish & Seafood,2016 Mar ,92.372,88.255
Fish & Seafood,2016 May ,92.748,88.188
Fish & Seafood,2016 Nov ,93.555,94.022
Fish & Seafood,2016 Oct ,94.153,93.795
Fish & Seafood,2016 Sep ,93.43,93.583
Fish & Seafood,2017 Apr ,95.14,97.606
Fish & Seafood,2017 Aug ,96.127,97.106
Fish & Seafood,2017 Dec ,96.465,97.062
Fish & Seafood,2017 Feb ,96.228,94.874
Fish & Seafood,2017 Jan ,100.804,94.637
Fish & Seafood,2017 Jul ,97.177,97.163
Fish & Seafood,2017 Jun ,95.196,97.44
Fish & Seafood,2017 Mar ,94.515,94.824
Fish & Seafood,2017 May ,95.445,97.499
Fish & Seafood,2017 Nov ,95.352,97.02
Fish & Seafood,2017 Oct ,95.579,97.135
Fish & Seafood,2017 Sep ,96.04,97.078
Fish & Seafood,2018 Apr ,96.936,94.769
Fish & Seafood,2018 Aug ,98.547,95.151
Fish & Seafood,2018 Dec ,98.307,96.005
Fish & Seafood,2018 Feb ,103.208,94.384
Fish & Seafood,2018 Jan ,100.013,94.399
Fish & Seafood,2018 Jul ,99.945,95.112
Fish & Seafood,2018 Jun ,98.54,95.001
Fish & Seafood,2018 Mar ,97.212,94.348
Fish & Seafood,2018 May ,97.148,94.939
Fish & Seafood,2018 Nov ,97.645,96.041
Fish & Seafood,2018 Oct ,98.08,95.859
Fish & Seafood,2018 Sep ,98.407,95.17
Fish & Seafood,2019 Apr ,98.153,95.904
Fish & Seafood,2019 Aug ,100.388,90.283
Fish & Seafood,2019 Dec ,100.61,89.908
Fish & Seafood,2019 Feb ,101.136,95.888
Fish & Seafood,2019 Jan ,102.713,95.907
Fish & Seafood,2019 Jul ,99.997,88.17
Fish & Seafood,2019 Jun ,99.959,90.903
Fish & Seafood,2019 Mar ,98.853,95.889
Fish & Seafood,2019 May ,98.939,93.927
Fish & Seafood,2019 Nov ,98.974,89.935
Fish & Seafood,2019 Oct ,100.443,90.193
Fish & Seafood,2019 Sep ,99.837,90.252
Fish & Seafood,2020 Apr ,100.305,91.688
Fish & Seafood,2020 Aug ,101.207,90.946
Fish & Seafood,2020 Dec ,100.582,90.794
Fish & Seafood,2020 Feb ,101.782,90.12
Fish & Seafood,2020 Jan ,106.829,89.864
Fish & Seafood,2020 Jul ,100.017,91.069
Fish & Seafood,2020 Jun ,99.809,91.39
Fish & Seafood,2020 Mar ,99.331,90.164
Fish & Seafood,2020 May ,99.085,91.624
Fish & Seafood,2020 Nov ,100.682,90.498
Fish & Seafood,2020 Oct ,100.606,90.577
Fish & Seafood,2020 Sep ,101.671,90.306
Fish & Seafood,2021 Apr ,100.073,91.271
Fish & Seafood,2021 Aug ,101.66,91.183
Fish & Seafood,2021 Dec ,102.808,91.961
Fish & Seafood,2021 Feb ,104.338,90.098
Fish & Seafood,2021 Jan ,102.282,91.04
Fish & Seafood,2021 Jul ,100.386,91.077
Fish & Seafood,2021 Jun ,100.286,91.102
Fish & Seafood,2021 Mar ,99.928,90.199
Fish & Seafood,2021 May ,101.397,90.971
Fish & Seafood,2021 Nov ,102.306,92.079
Fish & Seafood,2021 Oct ,101.138,92.255
Fish & Seafood,2021 Sep ,101.302,91.696
Fish & Seafood,2022 Apr ,105.684,94.919
Fish & Seafood,2022 Aug ,107.186,96.356
Fish & Seafood,2022 Dec ,106.544,95.809
Fish & Seafood,2022 Feb ,103.329,92.225
Fish & Seafood,2022 Jan ,109.03,92.199
Fish & Seafood,2022 Jul ,108.106,96.146
Fish & Seafood,2022 Jun ,108.703,95.62
Fish & Seafood,2022 Mar ,105.171,94.556
Fish & Seafood,2022 May ,108.803,95.365
Fish & Seafood,2022 Nov ,105.418,96.057
Fish & Seafood,2022 Oct ,106.258,96.832
Fish & Seafood,2022 Sep ,106.915,96.993
Fish & Seafood,2023 Apr ,113.395,93.606
Fish & Seafood,2023 Aug ,112.413,103.285
Fish & Seafood,2023 Dec ,109.854,104.161
Fish & Seafood,2023 Feb ,112.075,93.606
Fish & Seafood,2023 Jan ,114.861,93.606
Fish & Seafood,2023 Jul ,112.431,103.285
Fish & Seafood,2023 Jun ,112.697,103.285
Fish & Seafood,2023 Mar ,113.987,93.606
Fish & Seafood,2023 May ,114.525,99.952
Fish & Seafood,2023 Nov ,110.774,104.161
Fish & Seafood,2023 Oct ,110.625,104.161
Fish & Seafood,2023 Sep ,111.199,103.285
Fish & Seafood,2024 Apr ,107.086,104.161
Fish & Seafood,2024 Aug ,106.498,104.161
Fish & Seafood,2024 Feb ,115.138,104.161
Fish & Seafood,2024 Jan ,114.812,104.161
Fish & Seafood,2024 Jul ,106.907,104.161
Fish & Seafood,2024 Jun ,107.077,104.161
Fish & Seafood,2024 Mar ,107.611,104.161
Fish & Seafood,2024 May ,109.75,104.161
Fish & Seafood,2024 Sep ,106.338,104.161
Meat,2014 Apr ,96.193,85.033
Meat,2014 Aug ,96.609,84.771
Meat,2014 Dec ,97.03,83.913
Meat,2014 Feb ,96.928,84.68
Meat,2014 Jan ,96.563,84.156
Meat,2014 Jul ,96.465,84.863
Meat,2014 Jun ,96.18,84.671
Meat,2014 Mar ,97.019,85.022
Meat,2014 May ,96.755,84.682
Meat,2014 Nov ,97.335,84.078
Meat,2014 Oct ,96.841,84.236
Meat,2014 Sep ,96.56,84.695
Meat,2015 Apr ,97.484,83.668
Meat,2015 Aug ,96.334,83.272
Meat,2015 Dec ,97.44,82.673
Meat,2015 Feb ,98.479,83.821
Meat,2015 Jan ,97.265,83.551
Meat,2015 Jul ,96.287,83.186
Meat,2015 Jun ,97.617,83.42
Meat,2015 Mar ,97.466,83.601
Meat,2015 May ,97.775,83.335
Meat,2015 Nov ,97.932,82.842
Meat,2015 Oct ,97.152,83.134
Meat,2015 Sep ,96.872,83.301
Meat,2016 Apr ,99.208,82.747
Meat,2016 Aug ,98.925,82.977
Meat,2016 Dec ,99.733,83.315
Meat,2016 Feb ,99.763,83.352
Meat,2016 Jan ,99.391,83.163
Meat,2016 Jul ,99.058,82.723
Meat,2016 Jun ,99.054,82.575
Meat,2016 Mar ,99.653,82.742
Meat,2016 May ,98.993,82.237
Meat,2016 Nov ,99.559,83.329
Meat,2016 Oct ,99.255,82.972
Meat,2016 Sep ,99.998,82.933
Meat,2017 Apr ,99.731,83.323
Meat,2017 Aug ,100.1,83.706
Meat,2017 Dec ,100.776,83.08
Meat,2017 Feb ,99.959,83.105
Meat,2017 Jan ,99.955,83.146
Meat,2017 Jul ,99.678,83.316
Meat,2017 Jun ,99.38,83.836
Meat,2017 Mar ,99.547,82.994
Meat,2017 May ,99.531,83.487
Meat,2017 Nov ,100.329,83.08
Meat,2017 Oct ,100.314,83.253
Meat,2017 Sep ,100.017,83.038
Meat,2018 Apr ,100.001,83.197
Meat,2018 Aug ,99.319,81.761
Meat,2018 Dec ,100.064,83.341
Meat,2018 Feb ,100.392,83.335
Meat,2018 Jan ,100.065,80.593
Meat,2018 Jul ,100.303,82.084
Meat,2018 Jun ,99.877,82.879
Meat,2018 Mar ,99.16,83.019
Meat,2018 May ,99.625,82.928
Meat,2018 Nov ,99.824,83.359
Meat,2018 Oct ,99.872,83.687
Meat,2018 Sep ,99.761,81.94
Meat,2019 Apr ,99.545,84.035
Meat,2019 Aug ,100.274,85.973
Meat,2019 Dec ,101.003,87.474
Meat,2019 Feb ,100.056,84.575
Meat,2019 Jan ,99.554,84.556
Meat,2019 Jul ,99.707,85.144
Meat,2019 Jun ,99.374,84.568
Meat,2019 Mar ,99.95,84.016
Meat,2019 May ,98.952,84.613
Meat,2019 Nov ,100.642,87.604
Meat,2019 Oct ,100.711,86.899
Meat,2019 Sep ,100.233,86.059
Meat,2020 Apr ,106.778,87.785
Meat,2020 Aug ,106.189,88.918
Meat,2020 Dec ,104.764,89.009
Meat,2020 Feb ,103.255,88.837
Meat,2020 Jan ,102.545,88.164
Meat,2020 Jul ,106.839,89.481
Meat,2020 Jun ,107.551,89.3
Meat,2020 Mar ,104.471,88.395
Meat,2020 May ,107.929,88.04
Meat,2020 Nov ,105.036,88.956
Meat,2020 Oct ,104.69,88.694
Meat,2020 Sep ,105.991,88.694
Meat,2021 Apr ,105.098,89.342
Meat,2021 Aug ,105.777,89.643
Meat,2021 Dec ,107.075,89.777
Meat,2021 Feb ,105.522,90
Meat,2021 Jan ,105.118,89.486
Meat,2021 Jul ,106.366,89.772
Meat,2021 Jun ,105.765,89.233
Meat,2021 Mar ,105.343,89.472
Meat,2021 May ,105.199,89.457
Meat,2021 Nov ,106.654,89.777
Meat,2021 Oct ,105.833,89.481
Meat,2021 Sep ,106.338,89.651
Meat,2022 Apr ,111.097,92.377
Meat,2022 Aug ,119.507,98.85
Meat,2022 Dec ,122.863,99.693
Meat,2022 Feb ,108.659,90.383
Meat,2022 Jan ,107.623,89.88
Meat,2022 Jul ,117.529,98.785
Meat,2022 Jun ,116.429,97.898
Meat,2022 Mar ,109.071,91.616
Meat,2022 May ,112.514,96.164
Meat,2022 Nov ,122.85,99.693
Meat,2022 Oct ,122.022,98.818
Meat,2022 Sep ,121.119,98.694
Meat,2023 Apr ,123.21,99.113
Meat,2023 Aug ,123.236,101.55
Meat,2023 Dec ,124.222,97.93
Meat,2023 Feb ,122.211,98.791
Meat,2023 Jan ,123.743,98.791
Meat,2023 Jul ,124.09,101.55
Meat,2023 Jun ,124.17,101.55
Meat,2023 Mar ,122.433,98.791
Meat,2023 May ,124.394,101.55
Meat,2023 Nov ,124.498,97.93
Meat,2023 Oct ,123.619,101.228
Meat,2023 Sep ,123.62,101.228
Meat,2024 Apr ,123.282,98.793
Meat,2024 Aug ,123.736,98.793
Meat,2024 Feb ,124.962,98.793
Meat,2024 Jan ,124.767,98.793
Meat,2024 Jul ,122.385,98.793
Meat,2024 Jun ,123.038,98.793
Meat,2024 Mar ,123.922,98.793
Meat,2024 May ,123.411,98.793
Meat,2024 Sep ,124.368,98.793
Medicines & Health Products,2014 Apr ,99.966,115.415
Medicines & Health Products,2014 Aug ,100.701,115.161
Medicines & Health Products,2014 Dec ,100.441,117.511
Medicines & Health Products,2014 Feb ,99.877,115.807
Medicines & Health Products,2014 Jan ,98.683,116.007
Medicines & Health Products,2014 Jul ,100.214,114.969
Medicines & Health Products,2014 Jun ,99.701,115.267
Medicines & Health Products,2014 Mar ,99.527,115.828
Medicines & Health Products,2014 May ,99.648,115.276
Medicines & Health Products,2014 Nov ,100.661,116.819
Medicines & Health Products,2014 Oct ,100.82,116.056
Medicines & Health Products,2014 Sep ,100.497,115.663
Medicines & Health Products,2015 Apr ,100.142,118.413
Medicines & Health Products,2015 Aug ,100.938,120.082
Medicines & Health Products,2015 Dec ,100.576,120.369
Medicines & Health Products,2015 Feb ,100.639,118.558
Medicines & Health Products,2015 Jan ,101.132,117.979
Medicines & Health Products,2015 Jul ,101.539,118.777
Medicines & Health Products,2015 Jun ,100.918,118.263
Medicines & Health Products,2015 Mar ,100.416,119.322
Medicines & Health Products,2015 May ,100.78,117.891
Medicines & Health Products,2015 Nov ,101.247,120.499
Medicines & Health Products,2015 Oct ,101.136,120.148
Medicines & Health Products,2015 Sep ,101.306,120.577
Medicines & Health Products,2016 Apr ,100.846,113.921
Medicines & Health Products,2016 Aug ,101.56,113.807
Medicines & Health Products,2016 Dec ,101.334,108.531
Medicines & Health Products,2016 Feb ,100.237,115.698
Medicines & Health Products,2016 Jan ,101.312,120.149
Medicines & Health Products,2016 Jul ,100.844,113.918
Medicines & Health Products,2016 Jun ,100.391,114.075
Medicines & Health Products,2016 Mar ,100.152,114.692
Medicines & Health Products,2016 May ,101.14,114.56
Medicines & Health Products,2016 Nov ,100.583,115.808
Medicines & Health Products,2016 Oct ,100.718,114.966
Medicines & Health Products,2016 Sep ,100.974,114.185
Medicines & Health Products,2017 Apr ,101.69,116.295
Medicines & Health Products,2017 Aug ,101.406,115.083
Medicines & Health Products,2017 Dec ,100.933,114.637
Medicines & Health Products,2017 Feb ,100.071,111.983
Medicines & Health Products,2017 Jan ,100.451,112.4
Medicines & Health Products,2017 Jul ,101.418,115.44
Medicines & Health Products,2017 Jun ,99.914,115.834
Medicines & Health Products,2017 Mar ,101.216,112.521
Medicines & Health Products,2017 May ,100.395,116.185
Medicines & Health Products,2017 Nov ,100.029,114.941
Medicines & Health Products,2017 Oct ,100.76,115.078
Medicines & Health Products,2017 Sep ,100.491,114.729
Medicines & Health Products,2018 Apr ,101.115,111.746
Medicines & Health Products,2018 Aug ,102.168,115.385
Medicines & Health Products,2018 Dec ,99.678,120.308
Medicines & Health Products,2018 Feb ,101.611,112.759
Medicines & Health Products,2018 Jan ,101.606,113.721
Medicines & Health Products,2018 Jul ,101.728,112.726
Medicines & Health Products,2018 Jun ,101.003,112.405
Medicines & Health Products,2018 Mar ,101.529,112.485
Medicines & Health Products,2018 May ,101.002,110.23
Medicines & Health Products,2018 Nov ,98.969,119.322
Medicines & Health Products,2018 Oct ,100.093,117.711
Medicines & Health Products,2018 Sep ,100.59,117.66
Medicines & Health Products,2019 Apr ,101.062,107.148
Medicines & Health Products,2019 Aug ,99.181,107.678
Medicines & Health Products,2019 Dec ,98.127,109.669
Medicines & Health Products,2019 Feb ,101.454,105.243
Medicines & Health Products,2019 Jan ,101.023,111.943
Medicines & Health Products,2019 Jul ,99.559,107.23
Medicines & Health Products,2019 Jun ,99.124,107.86
Medicines & Health Products,2019 Mar ,100.857,104.141
Medicines & Health Products,2019 May ,101.304,107.548
Medicines & Health Products,2019 Nov ,99.824,109.283
Medicines & Health Products,2019 Oct ,99.15,106.408
Medicines & Health Products,2019 Sep ,99.334,106.704
Medicines & Health Products,2020 Apr ,100.052,108.96
Medicines & Health Products,2020 Aug ,98.394,99.599
Medicines & Health Products,2020 Dec ,97.333,98.208
Medicines & Health Products,2020 Feb ,99.242,110.757
Medicines & Health Products,2020 Jan ,97.48,108.519
Medicines & Health Products,2020 Jul ,98.704,100.137
Medicines & Health Products,2020 Jun ,98.105,103.551
Medicines & Health Products,2020 Mar ,99.506,115.328
Medicines & Health Products,2020 May ,99.096,104.064
Medicines & Health Products,2020 Nov ,98.45,98.101
Medicines & Health Products,2020 Oct ,98.234,99.102
Medicines & Health Products,2020 Sep ,98.381,99.728
Medicines & Health Products,2021 Apr ,99.349,104.149
Medicines & Health Products,2021 Aug ,99.43,101.679
Medicines & Health Products,2021 Dec ,97.457,101.565
Medicines & Health Products,2021 Feb ,98.23,98.887
Medicines & Health Products,2021 Jan ,97.871,95.461
Medicines & Health Products,2021 Jul ,99.574,104.965
Medicines & Health Products,2021 Jun ,97.803,106.175
Medicines & Health Products,2021 Mar ,99.018,105.771
Medicines & Health Products,2021 May ,97.645,104.51
Medicines & Health Products,2021 Nov ,98.699,103.169
Medicines & Health Products,2021 Oct ,99.079,99.801
Medicines & Health Products,2021 Sep ,99.103,101.055
Medicines & Health Products,2022 Apr ,99.8,99.056
Medicines & Health Products,2022 Aug ,100.038,94.174
Medicines & Health Products,2022 Dec ,101.254,95.754
Medicines & Health Products,2022 Feb ,98.833,97.987
Medicines & Health Products,2022 Jan ,98.741,101.237
Medicines & Health Products,2022 Jul ,100.572,97.278
Medicines & Health Products,2022 Jun ,99.992,108.016
Medicines & Health Products,2022 Mar ,98.357,98.011
Medicines & Health Products,2022 May ,97.503,98.863
Medicines & Health Products,2022 Nov ,101.159,94.23
Medicines & Health Products,2022 Oct ,100.858,94.739
Medicines & Health Products,2022 Sep ,101.183,94.696
Medicines & Health Products,2023 Apr ,101.226,97.533
Medicines & Health Products,2023 Aug ,102.304,99.589
Medicines & Health Products,2023 Dec ,101.112,104.065
Medicines & Health Products,2023 Feb ,100.729,98.862
Medicines & Health Products,2023 Jan ,100.322,98.862
Medicines & Health Products,2023 Jul ,101.823,98.93
Medicines & Health Products,2023 Jun ,101.47,97.44
Medicines & Health Products,2023 Mar ,100.162,100.241
Medicines & Health Products,2023 May ,100.218,97.331
Medicines & Health Products,2023 Nov ,101.114,104.945
Medicines & Health Products,2023 Oct ,103.165,102.321
Medicines & Health Products,2023 Sep ,102.028,99.879
Medicines & Health Products,2024 Apr ,104.376,105.111
Medicines & Health Products,2024 Aug ,103.232,100.941
Medicines & Health Products,2024 Feb ,102.416,104.755
Medicines & Health Products,2024 Jan ,101.855,104.494
Medicines & Health Products,2024 Jul ,103.041,101.655
Medicines & Health Products,2024 Jun ,102.444,101.501
Medicines & Health Products,2024 Mar ,103.499,104.637
Medicines & Health Products,2024 May ,103.216,104.96
Medicines & Health Products,2024 Sep ,103.172,100.17
"Newspapers, Books & Stationery",2014 Apr ,92.172,100.401
"Newspapers, Books & Stationery",2014 Aug ,92.189,101.066
"Newspapers, Books & Stationery",2014 Dec ,93.966,99.224
"Newspapers, Books & Stationery",2014 Feb ,92.12,100.06
"Newspapers, Books & Stationery",2014 Jan ,92.12,100.156
"Newspapers, Books & Stationery",2014 Jul ,92.189,100.945
"Newspapers, Books & Stationery",2014 Jun ,92.189,100.35
"Newspapers, Books & Stationery",2014 Mar ,92.172,100.36
"Newspapers, Books & Stationery",2014 May ,92.189,100.418
"Newspapers, Books & Stationery",2014 Nov ,93.895,99.139
"Newspapers, Books & Stationery",2014 Oct ,93.895,98.98
"Newspapers, Books & Stationery",2014 Sep ,92.189,100.871
"Newspapers, Books & Stationery",2015 Apr ,93.971,99.286
"Newspapers, Books & Stationery",2015 Aug ,93.695,101.314
"Newspapers, Books & Stationery",2015 Dec ,94.137,100.438
"Newspapers, Books & Stationery",2015 Feb ,93.989,98.012
"Newspapers, Books & Stationery",2015 Jan ,93.971,99.59
"Newspapers, Books & Stationery",2015 Jul ,93.695,101.096
"Newspapers, Books & Stationery",2015 Jun ,94.126,99.125
"Newspapers, Books & Stationery",2015 Mar ,93.989,98.141
"Newspapers, Books & Stationery",2015 May ,93.971,99.215
"Newspapers, Books & Stationery",2015 Nov ,93.827,100.785
"Newspapers, Books & Stationery",2015 Oct ,94.108,100.532
"Newspapers, Books & Stationery",2015 Sep ,94.171,101.195
"Newspapers, Books & Stationery",2016 Apr ,99.647,96.235
"Newspapers, Books & Stationery",2016 Aug ,99.496,96.26
"Newspapers, Books & Stationery",2016 Dec ,99.736,96.202
"Newspapers, Books & Stationery",2016 Feb ,94.193,96.751
"Newspapers, Books & Stationery",2016 Jan ,94.193,97.023
"Newspapers, Books & Stationery",2016 Jul ,99.58,96.554
"Newspapers, Books & Stationery",2016 Jun ,99.658,96.185
"Newspapers, Books & Stationery",2016 Mar ,99.592,95.945
"Newspapers, Books & Stationery",2016 May ,99.658,96.734
"Newspapers, Books & Stationery",2016 Nov ,99.72,96.582
"Newspapers, Books & Stationery",2016 Oct ,99.736,96.249
"Newspapers, Books & Stationery",2016 Sep ,99.735,95.504
"Newspapers, Books & Stationery",2017 Apr ,99.806,97.888
"Newspapers, Books & Stationery",2017 Aug ,99.713,96.708
"Newspapers, Books & Stationery",2017 Dec ,99.784,96.09
"Newspapers, Books & Stationery",2017 Feb ,99.972,97.304
"Newspapers, Books & Stationery",2017 Jan ,99.786,97.895
"Newspapers, Books & Stationery",2017 Jul ,99.711,96.819
"Newspapers, Books & Stationery",2017 Jun ,99.763,98.023
"Newspapers, Books & Stationery",2017 Mar ,99.796,97.761
"Newspapers, Books & Stationery",2017 May ,99.807,97.775
"Newspapers, Books & Stationery",2017 Nov ,99.85,96.077
"Newspapers, Books & Stationery",2017 Oct ,99.851,95.818
"Newspapers, Books & Stationery",2017 Sep ,99.687,96.732
"Newspapers, Books & Stationery",2018 Apr ,99.873,94.919
"Newspapers, Books & Stationery",2018 Aug ,99.876,97.055
"Newspapers, Books & Stationery",2018 Dec ,99.896,97.543
"Newspapers, Books & Stationery",2018 Feb ,99.869,93.299
"Newspapers, Books & Stationery",2018 Jan ,99.735,93.28
"Newspapers, Books & Stationery",2018 Jul ,99.788,96.643
"Newspapers, Books & Stationery",2018 Jun ,99.826,95.11
"Newspapers, Books & Stationery",2018 Mar ,99.639,93.441
"Newspapers, Books & Stationery",2018 May ,99.879,95.121
"Newspapers, Books & Stationery",2018 Nov ,99.876,97.588
"Newspapers, Books & Stationery",2018 Oct ,99.855,97.64
"Newspapers, Books & Stationery",2018 Sep ,99.845,97.231
"Newspapers, Books & Stationery",2019 Apr ,99.915,97.56
"Newspapers, Books & Stationery",2019 Aug ,99.994,97.188
"Newspapers, Books & Stationery",2019 Dec ,99.76,97.086
"Newspapers, Books & Stationery",2019 Feb ,100.104,97.479
"Newspapers, Books & Stationery",2019 Jan ,100.112,97.489
"Newspapers, Books & Stationery",2019 Jul ,100.126,97.259
"Newspapers, Books & Stationery",2019 Jun ,99.996,97.466
"Newspapers, Books & Stationery",2019 Mar ,99.958,97.551
"Newspapers, Books & Stationery",2019 May ,100.018,97.618
"Newspapers, Books & Stationery",2019 Nov ,100.04,97.101
"Newspapers, Books & Stationery",2019 Oct ,99.938,97.138
"Newspapers, Books & Stationery",2019 Sep ,100.041,97.17
"Newspapers, Books & Stationery",2020 Apr ,100.774,91.311
"Newspapers, Books & Stationery",2020 Aug ,100.594,92.022
"Newspapers, Books & Stationery",2020 Dec ,100.643,91.459
"Newspapers, Books & Stationery",2020 Feb ,100.082,97.205
"Newspapers, Books & Stationery",2020 Jan ,100.04,97.062
"Newspapers, Books & Stationery",2020 Jul ,100.205,92.2
"Newspapers, Books & Stationery",2020 Jun ,100.665,92.357
"Newspapers, Books & Stationery",2020 Mar ,99.794,97.303
"Newspapers, Books & Stationery",2020 May ,100.861,91.789
"Newspapers, Books & Stationery",2020 Nov ,100.716,91.963
"Newspapers, Books & Stationery",2020 Oct ,100.643,91.654
"Newspapers, Books & Stationery",2020 Sep ,100.621,92.058
"Newspapers, Books & Stationery",2021 Apr ,100.473,96.007
"Newspapers, Books & Stationery",2021 Aug ,100.829,97.344
"Newspapers, Books & Stationery",2021 Dec ,101.028,96.738
"Newspapers, Books & Stationery",2021 Feb ,100.589,92.905
"Newspapers, Books & Stationery",2021 Jan ,100.592,91.657
"Newspapers, Books & Stationery",2021 Jul ,100.831,96.469
"Newspapers, Books & Stationery",2021 Jun ,100.697,96.215
"Newspapers, Books & Stationery",2021 Mar ,100.589,92.743
"Newspapers, Books & Stationery",2021 May ,100.664,95.884
"Newspapers, Books & Stationery",2021 Nov ,100.87,96.508
"Newspapers, Books & Stationery",2021 Oct ,100.874,96.764
"Newspapers, Books & Stationery",2021 Sep ,100.838,97.063
"Newspapers, Books & Stationery",2022 Apr ,101.2,96.777
"Newspapers, Books & Stationery",2022 Aug ,101.642,97.341
"Newspapers, Books & Stationery",2022 Dec ,102.265,97.931
"Newspapers, Books & Stationery",2022 Feb ,101.07,96.528
"Newspapers, Books & Stationery",2022 Jan ,101.02,97.168
"Newspapers, Books & Stationery",2022 Jul ,101.642,96.38
"Newspapers, Books & Stationery",2022 Jun ,101.454,97.055
"Newspapers, Books & Stationery",2022 Mar ,101.092,96.884
"Newspapers, Books & Stationery",2022 May ,101.412,96.777
"Newspapers, Books & Stationery",2022 Nov ,102.297,98.435
"Newspapers, Books & Stationery",2022 Oct ,102.263,97.893
"Newspapers, Books & Stationery",2022 Sep ,101.642,97.91
"Newspapers, Books & Stationery",2023 Apr ,102.892,101.483
"Newspapers, Books & Stationery",2023 Aug ,102.923,98.992
"Newspapers, Books & Stationery",2023 Dec ,102.936,95.649
"Newspapers, Books & Stationery",2023 Feb ,102.967,102.831
"Newspapers, Books & Stationery",2023 Jan ,102.982,102.831
"Newspapers, Books & Stationery",2023 Jul ,102.922,98.535
"Newspapers, Books & Stationery",2023 Jun ,102.921,99.076
"Newspapers, Books & Stationery",2023 Mar ,102.967,101.795
"Newspapers, Books & Stationery",2023 May ,102.892,101.809
"Newspapers, Books & Stationery",2023 Nov ,102.936,97.941
"Newspapers, Books & Stationery",2023 Oct ,102.928,99.957
"Newspapers, Books & Stationery",2023 Sep ,102.921,99.101
"Newspapers, Books & Stationery",2024 Apr ,103.423,95.125
"Newspapers, Books & Stationery",2024 Aug ,103.722,95.616
"Newspapers, Books & Stationery",2024 Feb ,103.328,96.538
"Newspapers, Books & Stationery",2024 Jan ,103.198,95.29
"Newspapers, Books & Stationery",2024 Jul ,103.722,95.612
"Newspapers, Books & Stationery",2024 Jun ,103.748,95.638
"Newspapers, Books & Stationery",2024 Mar ,103.318,95.048
"Newspapers, Books & Stationery",2024 May ,103.739,94.975
"Newspapers, Books & Stationery",2024 Sep ,103.658,94.441
Oils & Fats,2014 Apr ,97.527,81.419
Oils & Fats,2014 Aug ,96.834,79.071
Oils & Fats,2014 Dec ,100.099,78.812
Oils & Fats,2014 Feb ,95.697,77.517
Oils & Fats,2014 Jan ,96.588,77.069
Oils & Fats,2014 Jul ,97.07,81.785
Oils & Fats,2014 Jun ,97.89,84.23
Oils & Fats,2014 Mar ,97.493,81.736
Oils & Fats,2014 May ,98.018,83.973
Oils & Fats,2014 Nov ,99.231,77.308
Oils & Fats,2014 Oct ,99.779,76.678
Oils & Fats,2014 Sep ,98.96,77.891
Oils & Fats,2015 Apr ,100.186,77.731
Oils & Fats,2015 Aug ,95.336,80.05
Oils & Fats,2015 Dec ,95.185,79.059
Oils & Fats,2015 Feb ,96.728,77.758
Oils & Fats,2015 Jan ,97.291,78.749
Oils & Fats,2015 Jul ,96.706,77.787
Oils & Fats,2015 Jun ,98.21,75.847
Oils & Fats,2015 Mar ,99.327,77.607
Oils & Fats,2015 May ,99.397,76.499
Oils & Fats,2015 Nov ,96.305,78.631
Oils & Fats,2015 Oct ,97.51,77.455
Oils & Fats,2015 Sep ,97.111,80.6
Oils & Fats,2016 Apr ,98.385,91.094
Oils & Fats,2016 Aug ,93.72,89.589
Oils & Fats,2016 Dec ,94.294,95.985
Oils & Fats,2016 Feb ,97.648,82.285
Oils & Fats,2016 Jan ,96.819,81.827
Oils & Fats,2016 Jul ,93.921,89.835
Oils & Fats,2016 Jun ,95.332,90.576
Oils & Fats,2016 Mar ,99.332,87.217
Oils & Fats,2016 May ,97.607,89.464
Oils & Fats,2016 Nov ,95.158,93.096
Oils & Fats,2016 Oct ,95.031,89.955
Oils & Fats,2016 Sep ,94.729,90.532
Oils & Fats,2017 Apr ,96.563,99.01
Oils & Fats,2017 Aug ,94.601,94.152
Oils & Fats,2017 Dec ,96.399,92.649
Oils & Fats,2017 Feb ,94.893,95.724
Oils & Fats,2017 Jan ,94.348,96.453
Oils & Fats,2017 Jul ,96.841,97.976
Oils & Fats,2017 Jun ,96.321,98.935
Oils & Fats,2017 Mar ,96.335,96.379
Oils & Fats,2017 May ,95.776,98.522
Oils & Fats,2017 Nov ,96.764,93.11
Oils & Fats,2017 Oct ,97.121,93.728
Oils & Fats,2017 Sep ,97.841,94.263
Oils & Fats,2018 Apr ,100.923,81.569
Oils & Fats,2018 Aug ,98.297,75.733
Oils & Fats,2018 Dec ,100.301,69.908
Oils & Fats,2018 Feb ,97.682,78.732
Oils & Fats,2018 Jan ,97.194,81.749
Oils & Fats,2018 Jul ,99.818,76.851
Oils & Fats,2018 Jun ,100.223,78.349
Oils & Fats,2018 Mar ,99.787,78.781
Oils & Fats,2018 May ,99.064,79.009
Oils & Fats,2018 Nov ,100.937,70.656
Oils & Fats,2018 Oct ,99.744,73.028
Oils & Fats,2018 Sep ,98.523,73.993
Oils & Fats,2019 Apr ,101.113,68.528
Oils & Fats,2019 Aug ,97.02,67.546
Oils & Fats,2019 Dec ,100.424,67.673
Oils & Fats,2019 Feb ,101.145,68.582
Oils & Fats,2019 Jan ,100.559,68.905
Oils & Fats,2019 Jul ,97.936,67.582
Oils & Fats,2019 Jun ,99.738,67.89
Oils & Fats,2019 Mar ,101.467,68.158
Oils & Fats,2019 May ,101.107,68.375
Oils & Fats,2019 Nov ,99.023,66.831
Oils & Fats,2019 Oct ,100.109,66.741
Oils & Fats,2019 Sep ,100.359,66.185
Oils & Fats,2020 Apr ,106.059,75.811
Oils & Fats,2020 Aug ,100.358,69.206
Oils & Fats,2020 Dec ,100.156,77.648
Oils & Fats,2020 Feb ,100.291,74.739
Oils & Fats,2020 Jan ,98.22,71.934
Oils & Fats,2020 Jul ,101.024,68.033
Oils & Fats,2020 Jun ,108.382,69.606
Oils & Fats,2020 Mar ,99.403,77.164
Oils & Fats,2020 May ,108.03,76.751
Oils & Fats,2020 Nov ,100.77,73.217
Oils & Fats,2020 Oct ,100.016,73.003
Oils & Fats,2020 Sep ,98.651,72.326
Oils & Fats,2021 Apr ,100.214,94.131
Oils & Fats,2021 Aug ,104.037,110.447
Oils & Fats,2021 Dec ,105.786,115.474
Oils & Fats,2021 Feb ,99.849,83.456
Oils & Fats,2021 Jan ,98.936,81.874
Oils & Fats,2021 Jul ,104.174,109.628
Oils & Fats,2021 Jun ,103.618,102.822
Oils & Fats,2021 Mar ,101.2,91.984
Oils & Fats,2021 May ,102.512,97.598
Oils & Fats,2021 Nov ,105.673,114.931
Oils & Fats,2021 Oct ,104.793,113.52
Oils & Fats,2021 Sep ,105.444,107.884
Oils & Fats,2022 Apr ,110.106,130.546
Oils & Fats,2022 Aug ,110.273,137.718
Oils & Fats,2022 Dec ,111.691,105.282
Oils & Fats,2022 Feb ,106.566,125.231
Oils & Fats,2022 Jan ,106.659,116.182
Oils & Fats,2022 Jul ,109.995,155.214
Oils & Fats,2022 Jun ,109.343,139.387
Oils & Fats,2022 Mar ,107.455,125.378
Oils & Fats,2022 May ,109.35,135.293
Oils & Fats,2022 Nov ,113.379,110.408
Oils & Fats,2022 Oct ,115.08,119.984
Oils & Fats,2022 Sep ,114.309,139.459
Oils & Fats,2023 Apr ,113.333,104.658
Oils & Fats,2023 Aug ,113.851,101.333
Oils & Fats,2023 Dec ,114.201,91.641
Oils & Fats,2023 Feb ,111.661,101.702
Oils & Fats,2023 Jan ,111.548,101.702
Oils & Fats,2023 Jul ,114.132,101.276
Oils & Fats,2023 Jun ,114.216,103.135
Oils & Fats,2023 Mar ,113.327,101.794
Oils & Fats,2023 May ,114.466,104.225
Oils & Fats,2023 Nov ,114.491,92.3
Oils & Fats,2023 Oct ,115.736,98.338
Oils & Fats,2023 Sep ,114.291,97.897
Oils & Fats,2024 Apr ,118.267,91.579
Oils & Fats,2024 Aug ,115.597,94.16
Oils & Fats,2024 Feb ,116.075,93.618
Oils & Fats,2024 Jan ,113.549,93.107
Oils & Fats,2024 Jul ,116.6,94.437
Oils & Fats,2024 Jun ,116.107,94.951
Oils & Fats,2024 Mar ,117.302,91.485
Oils & Fats,2024 May ,117.111,91.861
Oils & Fats,2024 Sep ,116.921,92.175
Telecommunication Equipment,2014 Apr ,118.473,94.896
Telecommunication Equipment,2014 Aug ,114.708,94.684
Telecommunication Equipment,2014 Dec ,120.031,96.188
Telecommunication Equipment,2014 Feb ,119.238,95.125
Telecommunication Equipment,2014 Jan ,119.843,95.015
Telecommunication Equipment,2014 Jul ,113.797,94.596
Telecommunication Equipment,2014 Jun ,118.995,94.784
Telecommunication Equipment,2014 Mar ,117.714,95.133
Telecommunication Equipment,2014 May ,118.624,94.806
Telecommunication Equipment,2014 Nov ,119.668,95.719
Telecommunication Equipment,2014 Oct ,119.707,95.298
Telecommunication Equipment,2014 Sep ,114.502,94.99
Telecommunication Equipment,2015 Apr ,116.119,97.162
Telecommunication Equipment,2015 Aug ,116.739,98.133
Telecommunication Equipment,2015 Dec ,120.979,98.437
Telecommunication Equipment,2015 Feb ,117.492,97.153
Telecommunication Equipment,2015 Jan ,118.62,96.69
Telecommunication Equipment,2015 Jul ,117.77,97.287
Telecommunication Equipment,2015 Jun ,117.479,96.972
Telecommunication Equipment,2015 Mar ,116.047,97.625
Telecommunication Equipment,2015 May ,116.659,96.641
Telecommunication Equipment,2015 Nov ,122.062,98.478
Telecommunication Equipment,2015 Oct ,121.533,98.38
Telecommunication Equipment,2015 Sep ,116.761,98.574
Telecommunication Equipment,2016 Apr ,120.839,95.948
Telecommunication Equipment,2016 Aug ,118.392,95.88
Telecommunication Equipment,2016 Dec ,121.232,97.829
Telecommunication Equipment,2016 Feb ,120.662,97.288
Telecommunication Equipment,2016 Jan ,120.425,97.769
Telecommunication Equipment,2016 Jul ,118.611,95.938
Telecommunication Equipment,2016 Jun ,119.37,96.145
Telecommunication Equipment,2016 Mar ,119.88,96.637
Telecommunication Equipment,2016 May ,119.629,96.289
Telecommunication Equipment,2016 Nov ,120.69,97.222
Telecommunication Equipment,2016 Oct ,120.967,96.62
Telecommunication Equipment,2016 Sep ,118.345,96.156
Telecommunication Equipment,2017 Apr ,119.073,96.135
Telecommunication Equipment,2017 Aug ,116.633,94.76
Telecommunication Equipment,2017 Dec ,115.394,94.484
Telecommunication Equipment,2017 Feb ,119.074,96.524
Telecommunication Equipment,2017 Jan ,118.321,96.883
Telecommunication Equipment,2017 Jul ,117.409,95.042
Telecommunication Equipment,2017 Jun ,119.053,95.816
Telecommunication Equipment,2017 Mar ,118.822,96.291
Telecommunication Equipment,2017 May ,120.745,96.059
Telecommunication Equipment,2017 Nov ,120.441,94.703
Telecommunication Equipment,2017 Oct ,121.34,94.766
Telecommunication Equipment,2017 Sep ,118.308,94.583
Telecommunication Equipment,2018 Apr ,116.822,93.705
Telecommunication Equipment,2018 Aug ,113.263,93.342
Telecommunication Equipment,2018 Dec ,97.483,92.829
Telecommunication Equipment,2018 Feb ,112.025,94.441
Telecommunication Equipment,2018 Jan ,120.327,95.764
Telecommunication Equipment,2018 Jul ,108.046,93.603
Telecommunication Equipment,2018 Jun ,112.624,92.126
Telecommunication Equipment,2018 Mar ,115.82,91.735
Telecommunication Equipment,2018 May ,116.776,92.709
Telecommunication Equipment,2018 Nov ,103.718,92.988
Telecommunication Equipment,2018 Oct ,116.388,93.544
Telecommunication Equipment,2018 Sep ,105.788,93.827
Telecommunication Equipment,2019 Apr ,105.947,91.942
Telecommunication Equipment,2019 Aug ,93.917,88.175
Telecommunication Equipment,2019 Dec ,101.747,86.361
Telecommunication Equipment,2019 Feb ,98.876,89.873
Telecommunication Equipment,2019 Jan ,97.995,87.572
Telecommunication Equipment,2019 Jul ,88.288,88.497
Telecommunication Equipment,2019 Jun ,91.927,90.087
Telecommunication Equipment,2019 Mar ,105.033,89.797
Telecommunication Equipment,2019 May ,101.45,92.286
Telecommunication Equipment,2019 Nov ,106.07,86
Telecommunication Equipment,2019 Oct ,108.394,86.826
Telecommunication Equipment,2019 Sep ,100.359,89.461
Telecommunication Equipment,2020 Apr ,95.242,89.836
Telecommunication Equipment,2020 Aug ,98.466,89.067
Telecommunication Equipment,2020 Dec ,102.329,88.95
Telecommunication Equipment,2020 Feb ,102.744,87.842
Telecommunication Equipment,2020 Jan ,103.384,86.269
Telecommunication Equipment,2020 Jul ,94.246,90.679
Telecommunication Equipment,2020 Jun ,89.533,90.249
Telecommunication Equipment,2020 Mar ,107.81,90.27
Telecommunication Equipment,2020 May ,92.514,89.742
Telecommunication Equipment,2020 Nov ,102.749,88.394
Telecommunication Equipment,2020 Oct ,96.125,88.566
Telecommunication Equipment,2020 Sep ,97.43,88.815
Telecommunication Equipment,2021 Apr ,99.424,90.673
Telecommunication Equipment,2021 Aug ,88.678,90.735
Telecommunication Equipment,2021 Dec ,98.199,89.476
Telecommunication Equipment,2021 Feb ,103.833,88.61
Telecommunication Equipment,2021 Jan ,104.887,88.762
Telecommunication Equipment,2021 Jul ,85.616,90.868
Telecommunication Equipment,2021 Jun ,85.831,86.028
Telecommunication Equipment,2021 Mar ,101.813,88.494
Telecommunication Equipment,2021 May ,93.728,88.816
Telecommunication Equipment,2021 Nov ,94.415,89.611
Telecommunication Equipment,2021 Oct ,93.298,92.386
Telecommunication Equipment,2021 Sep ,87.664,90.517
Telecommunication Equipment,2022 Apr ,104.98,90.301
Telecommunication Equipment,2022 Aug ,90.965,99.791
Telecommunication Equipment,2022 Dec ,95.969,101.198
Telecommunication Equipment,2022 Feb ,98.448,86.515
Telecommunication Equipment,2022 Jan ,99.139,88.714
Telecommunication Equipment,2022 Jul ,90.908,94.441
Telecommunication Equipment,2022 Jun ,98.407,95.552
Telecommunication Equipment,2022 Mar ,105.419,90.778
Telecommunication Equipment,2022 May ,101.915,91.724
Telecommunication Equipment,2022 Nov ,99.243,100.785
Telecommunication Equipment,2022 Oct ,99.956,105.452
Telecommunication Equipment,2022 Sep ,99.755,105.351
Telecommunication Equipment,2023 Apr ,101.179,97.911
Telecommunication Equipment,2023 Aug ,91.2,102.76
Telecommunication Equipment,2023 Dec ,94.565,99.302
Telecommunication Equipment,2023 Feb ,99.345,97.687
Telecommunication Equipment,2023 Jan ,98.073,97.687
Telecommunication Equipment,2023 Jul ,96.321,101.655
Telecommunication Equipment,2023 Jun ,96.193,98.952
Telecommunication Equipment,2023 Mar ,99.657,98.61
Telecommunication Equipment,2023 May ,97.278,98.847
Telecommunication Equipment,2023 Nov ,95.841,100.706
Telecommunication Equipment,2023 Oct ,94.063,102.216
Telecommunication Equipment,2023 Sep ,95.646,103.665
Telecommunication Equipment,2024 Apr ,95.44,103.073
Telecommunication Equipment,2024 Aug ,86.934,100.125
Telecommunication Equipment,2024 Feb ,95.666,102.254
Telecommunication Equipment,2024 Jan ,97.077,101.796
Telecommunication Equipment,2024 Jul ,90.625,102.264
Telecommunication Equipment,2024 Jun ,91.282,102.537
Telecommunication Equipment,2024 Mar ,95.134,102.17
Telecommunication Equipment,2024 May ,93.197,102.778
Telecommunication Equipment,2024 Sep ,93.57,98.716
Vegetables & Fruit,2014 Apr ,91.034,86.913
Vegetables & Fruit,2014 Aug ,90.721,86.913
Vegetables & Fruit,2014 Dec ,92.806,86.913
Vegetables & Fruit,2014 Feb ,89.75,86.913
Vegetables & Fruit,2014 Jan ,90.034,86.913
Vegetables & Fruit,2014 Jul ,90.741,86.913
Vegetables & Fruit,2014 Jun ,90.761,86.913
Vegetables & Fruit,2014 Mar ,90.021,86.913
Vegetables & Fruit,2014 May ,90.993,86.913
Vegetables & Fruit,2014 Nov ,92.223,86.913
Vegetables & Fruit,2014 Oct ,91.316,86.913
Vegetables & Fruit,2014 Sep ,91.329,86.913
Vegetables & Fruit,2015 Apr ,92.135,86.913
Vegetables & Fruit,2015 Aug ,92.148,89.563
Vegetables & Fruit,2015 Dec ,92.959,89.563
Vegetables & Fruit,2015 Feb ,93.271,86.913
Vegetables & Fruit,2015 Jan ,93.336,86.913
Vegetables & Fruit,2015 Jul ,91.164,89.563
Vegetables & Fruit,2015 Jun ,91.199,89.563
Vegetables & Fruit,2015 Mar ,91.871,86.913
Vegetables & Fruit,2015 May ,91.53,88.285
Vegetables & Fruit,2015 Nov ,91.85,89.563
Vegetables & Fruit,2015 Oct ,92.75,89.563
Vegetables & Fruit,2015 Sep ,92.471,89.563
Vegetables & Fruit,2016 Apr ,95.671,89.563
Vegetables & Fruit,2016 Aug ,94.855,89.563
Vegetables & Fruit,2016 Dec ,96.449,90.66
Vegetables & Fruit,2016 Feb ,95.254,89.563
Vegetables & Fruit,2016 Jan ,94.133,89.563
Vegetables & Fruit,2016 Jul ,95.004,89.563
Vegetables & Fruit,2016 Jun ,95.157,89.563
Vegetables & Fruit,2016 Mar ,94.586,89.563
Vegetables & Fruit,2016 May ,95.493,89.563
Vegetables & Fruit,2016 Nov ,95.354,90.66
Vegetables & Fruit,2016 Oct ,94.917,89.563
Vegetables & Fruit,2016 Sep ,95.294,89.563
Vegetables & Fruit,2017 Apr ,96.611,90.66
Vegetables & Fruit,2017 Aug ,96.023,90.66
Vegetables & Fruit,2017 Dec ,97.581,90.66
Vegetables & Fruit,2017 Feb ,97.79,90.66
Vegetables & Fruit,2017 Jan ,96.89,90.66
Vegetables & Fruit,2017 Jul ,96.71,90.66
Vegetables & Fruit,2017 Jun ,98.007,90.66
Vegetables & Fruit,2017 Mar ,96.065,90.66
Vegetables & Fruit,2017 May ,97.339,90.66
Vegetables & Fruit,2017 Nov ,97.366,90.66
Vegetables & Fruit,2017 Oct ,98.008,90.66
Vegetables & Fruit,2017 Sep ,97.491,90.66
Vegetables & Fruit,2018 Apr ,97.139,93.398
Vegetables & Fruit,2018 Aug ,97.843,93.398
Vegetables & Fruit,2018 Dec ,98.604,94.076
Vegetables & Fruit,2018 Feb ,97.498,93.398
Vegetables & Fruit,2018 Jan ,98.42,93.398
Vegetables & Fruit,2018 Jul ,97.892,93.398
Vegetables & Fruit,2018 Jun ,97.837,93.398
Vegetables & Fruit,2018 Mar ,97.661,93.398
Vegetables & Fruit,2018 May ,97.463,93.398
Vegetables & Fruit,2018 Nov ,98.922,93.398
Vegetables & Fruit,2018 Oct ,98.582,93.398
Vegetables & Fruit,2018 Sep ,98.482,93.398
Vegetables & Fruit,2019 Apr ,99.806,92.739
Vegetables & Fruit,2019 Aug ,99.854,92.739
Vegetables & Fruit,2019 Dec ,101.048,92.739
Vegetables & Fruit,2019 Feb ,99.574,94.076
Vegetables & Fruit,2019 Jan ,98.635,94.076
Vegetables & Fruit,2019 Jul ,99.59,92.739
Vegetables & Fruit,2019 Jun ,99.442,92.739
Vegetables & Fruit,2019 Mar ,99.953,94.076
Vegetables & Fruit,2019 May ,100.263,92.739
Vegetables & Fruit,2019 Nov ,101.092,92.739
Vegetables & Fruit,2019 Oct ,100.769,92.739
Vegetables & Fruit,2019 Sep ,99.978,92.739
Vegetables & Fruit,2020 Apr ,102.374,93.226
Vegetables & Fruit,2020 Aug ,103.069,93.419
Vegetables & Fruit,2020 Dec ,104.022,93.419
Vegetables & Fruit,2020 Feb ,102.437,93.226
Vegetables & Fruit,2020 Jan ,102.082,92.739
Vegetables & Fruit,2020 Jul ,104.409,93.419
Vegetables & Fruit,2020 Jun ,104.299,93.419
Vegetables & Fruit,2020 Mar ,101.772,93.226
Vegetables & Fruit,2020 May ,103.23,93.419
Vegetables & Fruit,2020 Nov ,104.478,93.419
Vegetables & Fruit,2020 Oct ,104.089,93.419
Vegetables & Fruit,2020 Sep ,103.987,93.419
Vegetables & Fruit,2021 Apr ,105.476,93.419
Vegetables & Fruit,2021 Aug ,107.707,93.653
Vegetables & Fruit,2021 Dec ,110.588,94.644
Vegetables & Fruit,2021 Feb ,106.858,93.419
Vegetables & Fruit,2021 Jan ,105.803,93.419
Vegetables & Fruit,2021 Jul ,106.768,93.653
Vegetables & Fruit,2021 Jun ,106.543,93.653
Vegetables & Fruit,2021 Mar ,105.816,93.419
Vegetables & Fruit,2021 May ,106.686,93.653
Vegetables & Fruit,2021 Nov ,109.829,94.644
Vegetables & Fruit,2021 Oct ,108.728,94.644
Vegetables & Fruit,2021 Sep ,108.381,93.653
Vegetables & Fruit,2022 Apr ,109.455,95.159
Vegetables & Fruit,2022 Aug ,113.007,99.155
Vegetables & Fruit,2022 Dec ,114.917,100.631
Vegetables & Fruit,2022 Feb ,110.245,95.159
Vegetables & Fruit,2022 Jan ,111.601,94.73
Vegetables & Fruit,2022 Jul ,111.795,99.155
Vegetables & Fruit,2022 Jun ,110.1,96.744
Vegetables & Fruit,2022 Mar ,109.737,95.159
Vegetables & Fruit,2022 May ,109.433,97.377
Vegetables & Fruit,2022 Nov ,113.458,99.742
Vegetables & Fruit,2022 Oct ,113.581,99.155
Vegetables & Fruit,2022 Sep ,114.136,99.155
Vegetables & Fruit,2023 Apr ,114.135,100
Vegetables & Fruit,2023 Aug ,114.927,100
Vegetables & Fruit,2023 Dec ,115.11,100
Vegetables & Fruit,2023 Feb ,115.146,100
Vegetables & Fruit,2023 Jan ,115.38,100
Vegetables & Fruit,2023 Jul ,114.077,100
Vegetables & Fruit,2023 Jun ,113.734,100
Vegetables & Fruit,2023 Mar ,114.947,100
Vegetables & Fruit,2023 May ,114.497,100
Vegetables & Fruit,2023 Nov ,116.021,100
Vegetables & Fruit,2023 Oct ,114.207,100
Vegetables & Fruit,2023 Sep ,114.932,100
Vegetables & Fruit,2024 Apr ,114.438,100
Vegetables & Fruit,2024 Aug ,117.578,100
Vegetables & Fruit,2024 Feb ,117.957,100
Vegetables & Fruit,2024 Jan ,116.557,100
Vegetables & Fruit,2024 Jul ,116.71,100
Vegetables & Fruit,2024 Jun ,116.071,100
Vegetables & Fruit,2024 Mar ,114.647,100
Vegetables & Fruit,2024 May ,115.762,100
Vegetables & Fruit,2024 Sep ,118.435,100
